user_id;logs;dt
1;Currently addressing the issue: Network instability: Packet loss 404. Server timeout: Issue 102. Restarting... Our team is actively investigating and working towards a resolution. Network instability: Packet loss 404. Restarting...;2024-07-09T12:34:00+01:00
1;Currently addressing the issue: Network instability: Packet loss 404. Server timeout: Issue 102. Restarting... Our team is actively investigating and working towards a resolution. Network instability: Packet loss 404. Restarting...;2024-07-09T12:35:00+01:00
1;Currently addressing the issue: Network instability: Packet loss 404. Server timeout: Issue 102. Restarting... Our team is actively investigating and working towards a resolution. Network instability: Packet loss 404. Restarting...;2024-07-09T12:38:00+01:00
1;Currently addressing the issue: Network instability: Packet loss 404. Server timeout: Issue 102. Restarting... Our team is actively investigating and working towards a resolution. Network instability: Packet loss 404. Restarting...;2024-07-09T12:42:00+01:00
12;Currently addressing the issue: Network instability: Packet loss 404. Server timeout: Issue 102. Restarting... Our team is actively investigating and working towards a resolution. Network instability: Packet loss 404. Restarting...;2024-07-09T12:34:00+01:00
12;Currently addressing the issue: Network instability: Packet loss 404. Server timeout: Issue 102. Restarting... Our team is actively investigating and working towards a resolution. Network instability: Packet loss 404. Restarting...;2024-07-09T12:35:00+01:00
12;Currently addressing the issue: Network instability: Packet loss 404. Server timeout: Issue 102. Restarting... Our team is actively investigating and working towards a resolution. Network instability: Packet loss 404. Restarting...;2024-07-09T12:38:00+01:00
12;Currently addressing the issue: Network instability: Packet loss 404. Server timeout: Issue 102. Restarting... Our team is actively investigating and working towards a resolution. Network instability: Packet loss 404. Restarting...;2024-07-09T12:42:00+01:00
2;Database connection failure: Error 505. Restarting... Application crash: Memory allocation issue 203. Clean the storage.Database connection failure: Error 505. Restarting...;2024-07-10T14:45:30+01:00
3;Security breach: Unauthorized access. Data corruption: Integrity check. Restarting... Our team is actively investigating and working towards a resolution.;2024-07-11T16:23:10+01:00
4;Service disruption: Extended maintenance 506. Dependency failure: External API 1010. Restarting... Server timeout: Issue 102.;2024-07-12T18:50:25+01:00
5;Performance degradation: High CPU usage 808. Disk space error: Storage limit 12 000 MB. Restarting... Our team is actively investigating and working towards a resolution.;2024-07-13T09:15:45+01:00
6;Network instability: Packet loss 404. Database connection failure: Error 505. Restarting... Security breach: Unauthorized access.;2024-07-14T11:05:00+01:00
7;Server timeout: Issue 102. Application crash: Memory allocation issue 203. Clean the storage. Restarting... Our team is actively investigating and working towards a resolution.;2024-07-15T13:30:10+01:00
8;Service disruption: Extended maintenance 506. Data corruption: Integrity check. Restarting... Network instability: Packet loss 404.;2024-07-16T15:45:20+01:00
9;Disk space error: Storage limit 12 000 MB. Performance degradation: High CPU usage 808. Restarting... Dependency failure: External API 1010.;2024-07-17T17:20:30+01:00
10;Security breach: Unauthorized access. Server timeout: Issue 102. Restarting... Application crash: Memory allocation issue 203. Clean the storage.;2024-07-18T19:40:40+01:00
10;Security breach: Unauthorized access. Server timeout: Issue 102. Restarting... Application crash: Memory allocation issue 203. Clean the storage.;2024-07-18T19:40:40+01:00
7;Server timeout: Issue 102. Application crash: Memory allocation issue 203. Clean the storage. Restarting... Our team is actively investigating and working towards a resolution.;2024-07-15T13:30:10+01:00
8;Service disruption: Extended maintenance 506. Data corruption: Integrity check. Restarting... Network instability: Packet loss 404.;2024-07-16T15:45:20+01:00
9;Disk space error: Storage limit 12 000 MB. Performance degradation: High CPU usage 808. Restarting... Dependency failure: External API 1010.;2024-07-17T17:20:30+01:00
300;Disk space error: Storage limit 12 000 MB. Performance degradation: High CPU usage 808. Restarting... Dependency failure: External API 1010.;2025-07-17T17:20:30+01:00
300;Disk space error: Storage limit 12 000 MB. Performance degradation: High CPU usage 808. Restarting... Dependency failure: External API 1010.;2025-07-18T17:20:30+01:00
300;Disk space error: Storage limit 12 000 MB. Performance degradation: High CPU usage 808. Restarting... Dependency failure: External API 1010.;2025-07-19T17:20:30+01:00
300;Disk space error: Storage limit 12 000 MB. Performance degradation: High CPU usage 808. Restarting... Dependency failure: External API 1010.;2025-07-20T17:20:30+01:00
300;Disk space error: Storage limit 12 000 MB. Performance degradation: High CPU usage 808. Restarting... Dependency failure: External API 1010.;2025-07-21T17:20:30+01:00
300;Disk space error: Storage limit 12 000 MB. Performance degradation: High CPU usage 808. Restarting... Dependency failure: External API 1010.;2025-07-22T17:20:30+01:00
